id:INTEGER,Name:TEXT,CountryOfOrigin:TEXT,Gender:TEXT
1,John Johnson,USA,M
2,Jessica Miller,France,F
3,Patricia Davis,France,F
4,Sarah Miller,Australia,F
5,Patricia Rodriguez,France,F
6,Barbara Miller,Australia,F
7,Daniel Davis,USA,M
8,David Brown,USA,M
9,Michael Brown,Canada,M
10,Linda Rodriguez,Germany,F
11,John Davis,Australia,M
12,David Wilson,France,M
13,Robert Garcia,Australia,M
14,David Rodriguez,USA,M
15,Daniel Rodriguez,Canada,M
16,James Brown,France,M
17,William Wilson,Italy,M
18,Patricia Jones,India,F
19,Karen Garcia,Australia,F
20,Patricia Garcia,Brazil,F
21,Jessica Jones,Italy,F
22,Michael Brown,Brazil,M
23,Patricia Rodriguez,UK,F
24,Joseph Williams,Australia,M
25,Robert Brown,Spain,M
26,Patricia Davis,India,F
27,Barbara Williams,UK,F
28,Elizabeth Wilson,France,F
29,Patricia Brown,Germany,F
30,Daniel Miller,USA,M
31,Joseph Jones,Italy,M
32,Susan Rodriguez,UK,F
33,Patricia Jones,India,F
34,Joseph Williams,Spain,M
35,David Johnson,UK,M
36,Mary Jones,Italy,F
37,Barbara Jones,Australia,F
38,Barbara Davis,Italy,F
39,Sarah Jones,France,F
40,William Smith,Brazil,M
41,Michael Wilson,Germany,M
42,Joseph Davis,UK,M
43,Michael Garcia,USA,M
44,Thomas Williams,Spain,M
45,Michael Miller,Italy,M
46,Jessica Brown,Italy,F
47,Robert Jones,France,M
48,Elizabeth Jones,USA,F
49,Sarah Garcia,Italy,F
50,Sarah Davis,India,F
51,Thomas Williams,France,M
52,Daniel Jones,Brazil,M
53,David Smith,France,M
54,Jessica Rodriguez,India,F
55,Susan Johnson,Canada,F
56,Jennifer Johnson,UK,F
57,David Davis,Brazil,M
58,Joseph Rodriguez,USA,M
59,Daniel Brown,France,M
60,Thomas Brown,Italy,M
61,Sarah Smith,Australia,F
62,Patricia Miller,Spain,F
63,Daniel Brown,Germany,M
64,Michael Smith,France,M
65,Joseph Wilson,Brazil,M
66,Barbara Miller,Italy,F
67,Sarah Williams,France,F
68,Thomas Williams,India,M
69,Susan Miller,India,F
70,Linda Davis,India,F
71,Jennifer Davis,USA,F
72,William Williams,UK,M
73,Elizabeth Smith,Italy,F
74,James Jones,UK,M
75,Mary Miller,France,F
76,Robert Garcia,USA,M
77,Daniel Miller,Brazil,M
78,Michael Miller,UK,M
79,Mary Brown,Germany,F
80,Patricia Jones,France,F
81,Karen Davis,UK,F
82,James Miller,France,M
83,Barbara Williams,UK,F
84,David Jones,Germany,M
85,David Williams,USA,M
86,Michael Miller,Germany,M
87,Jennifer Brown,France,F
88,Karen Brown,Italy,F
89,David Jones,Canada,M
90,Elizabeth Garcia,Germany,F
91,James Smith,Brazil,M
92,James Davis,France,M
93,Michael Miller,UK,M
94,Charles Smith,Germany,M
95,Karen Jones,Spain,F
96,Robert Garcia,Germany,M
97,William Johnson,Spain,M
98,Karen Wilson,UK,F
99,William Jones,UK,M
100,Thomas Garcia,Germany,M
101,Mary Johnson,UK,F
102,Karen Wilson,UK,F
103,Daniel Smith,Canada,M
104,David Miller,France,M
105,William Rodriguez,UK,M
106,William Smith,Germany,M
107,James Wilson,Australia,M
108,Jennifer Davis,USA,F
109,David Williams,France,M
110,Robert Brown,UK,M
111,Daniel Brown,Brazil,M
112,Michael Johnson,Canada,M
113,Linda Rodriguez,Brazil,F
114,Joseph Rodriguez,Canada,M
115,Joseph Wilson,France,M
116,Susan Rodriguez,France,F
117,Jessica Wilson,India,F
118,James Miller,Italy,M
119,William Garcia,UK,M
120,Jennifer Jones,Germany,F
121,James Rodriguez,Italy,M
122,Barbara Williams,Germany,F
123,Elizabeth Rodriguez,USA,F
124,Thomas Rodriguez,UK,M
125,William Rodriguez,India,M
126,Elizabeth Miller,Canada,F
127,Jennifer Miller,UK,F
128,Patricia Johnson,Germany,F
129,Mary Miller,Germany,F
130,Charles Williams,UK,M
131,Patricia Williams,Germany,F
132,James Brown,India,M
133,Elizabeth Brown,India,F
134,Susan Wilson,India,F
135,Joseph Jones,Spain,M
136,Joseph Davis,USA,M
137,William Rodriguez,India,M
138,Jennifer Brown,UK,F
139,Thomas Johnson,India,M
140,Susan Williams,India,F
141,James Rodriguez,Australia,M
142,John Rodriguez,India,M
143,David Williams,Germany,M
144,Barbara Williams,Italy,F
145,Joseph Davis,France,M
146,Charles Rodriguez,France,M
147,Robert Williams,India,M
148,Robert Davis,Brazil,M
149,Jessica Smith,USA,F
150,Robert Brown,Germany,M
151,Daniel Miller,USA,M
152,Barbara Miller,UK,F
153,Linda Johnson,France,F
154,Karen Brown,France,F
155,David Davis,Spain,M
156,Joseph Brown,Brazil,M
157,David Rodriguez,Germany,M
158,Jessica Williams,Australia,F
159,Joseph Jones,Canada,M
160,Charles Rodriguez,Italy,M
161,Daniel Jones,Spain,M
162,Daniel Williams,Italy,M
163,Sarah Smith,Brazil,F
164,Charles Miller,USA,M
165,James Smith,India,M
166,John Jones,India,M
167,Karen Smith,Canada,F
168,Jessica Johnson,UK,F
169,James Garcia,Australia,M
170,John Rodriguez,Australia,M
171,Elizabeth Wilson,Germany,F
172,David Smith,UK,M
173,Jennifer Williams,USA,F
174,John Johnson,Spain,M
175,William Smith,Spain,M
176,Elizabeth Wilson,Spain,F
177,John Williams,India,M
178,James Garcia,Canada,M
179,Patricia Wilson,Italy,F
180,Barbara Garcia,Australia,F
181,Michael Davis,Australia,M
182,Joseph Garcia,Spain,M
183,Patricia Johnson,Spain,F
184,Karen Davis,Germany,F
185,Joseph Brown,Canada,M
186,Charles Miller,Australia,M
187,David Smith,India,M
188,Patricia Williams,Brazil,F
189,Susan Garcia,Brazil,F
190,Thomas Garcia,France,M
191,Karen Brown,UK,F
192,Robert Johnson,USA,M
193,Michael Smith,Italy,M
194,Sarah Garcia,UK,F
195,William Williams,Germany,M
196,Karen Davis,Germany,F
197,Robert Brown,Spain,M
198,Susan Davis,Australia,F
199,Robert Garcia,Canada,M
200,William Garcia,Spain,M
